SerialNumber,Description,VehicleNumber,InstallDate
SN1000,Brake Pad,VH005,14/03/2024
SN1001,Coupler,VH001,19/02/2023
SN1002,Sensor,VH003,05/02/2024
SN1003,Coupler,VH005,05/12/2024
SN1004,Sensor,VH005,12/03/2023
SN1005,Air Filter,VH006,02/01/2024
SN1006,Coupler,VH006,25/12/2022
SN1007,Sensor,VH010,26/01/2023
SN1008,Wheel Assembly,VH003,04/11/2024
SN1009,Coupler,VH005,02/05/2025
SN1010,Coupler,VH002,25/02/2025
SN1011,Sensor,VH003,20/02/2025
SN1012,Wheel Assembly,VH009,29/10/2022
SN1013,Sensor,VH001,09/11/2023
SN1014,Brake Pad,VH002,25/11/2023
SN1015,Air Filter,VH008,02/07/2024
SN1016,Coupler,VH006,21/02/2024
SN1017,Coupler,VH002,20/11/2022
SN1018,Sensor,VH007,05/06/2023
SN1019,Air Filter,VH007,16/03/2025
SN1020,Sensor,VH002,29/01/2024
SN1021,Sensor,VH004,07/09/2023
SN1022,Compressor,VH005,16/02/2024
SN1023,Brake Pad,VH006,08/01/2024
SN1024,Coupler,VH006,06/01/2024
SN1025,Brake Pad,VH010,10/08/2023
SN1026,Wheel Assembly,VH008,09/04/2024
SN1027,Brake Pad,VH010,15/09/2022
SN1028,Wheel Assembly,VH004,28/11/2023
SN1029,Coupler,VH009,02/07/2024
SN1030,Coupler,VH004,24/11/2023
SN1031,Coupler,VH004,05/08/2024
SN1032,Air Filter,VH001,19/04/2023
SN1033,Coupler,VH005,05/02/2023
SN1034,Air Filter,VH009,10/12/2022
SN1035,Compressor,VH010,23/03/2023
SN1036,Coupler,VH002,01/09/2023
SN1037,Brake Pad,VH007,13/12/2024
SN1038,Wheel Assembly,VH005,28/06/2024
SN1039,Brake Pad,VH005,01/01/2024
SN1040,Coupler,VH002,28/02/2023
SN1041,Wheel Assembly,VH009,04/11/2024
SN1042,Air Filter,VH008,17/05/2023
SN1043,Coupler,VH005,05/02/2024
SN1044,Brake Pad,VH002,29/11/2022
SN1045,Compressor,VH008,19/01/2024
SN1046,Compressor,VH005,25/06/2023
SN1047,Wheel Assembly,VH007,03/11/2024
SN1048,Brake Pad,VH008,20/07/2024
SN1049,Sensor,VH002,07/04/2024
SN1050,Air Filter,VH008,07/09/2022
SN1051,Air Filter,VH008,07/02/2025
SN1052,Wheel Assembly,VH007,24/02/2023
SN1053,Air Filter,VH010,08/05/2025
SN1054,Coupler,VH006,29/09/2023
SN1055,Sensor,VH004,21/11/2022
SN1056,Wheel Assembly,VH002,11/08/2023
SN1057,Brake Pad,VH010,20/07/2024
SN1058,Brake Pad,VH005,07/06/2023
SN1059,Brake Pad,VH004,06/10/2023
SN1060,Sensor,VH005,27/04/2023
SN1061,Brake Pad,VH006,27/09/2024
SN1062,Compressor,VH009,14/10/2023
SN1063,Air Filter,VH010,27/12/2022
SN1064,Compressor,VH008,23/01/2024
SN1065,Compressor,VH008,14/02/2023
SN1066,Sensor,VH004,01/03/2023
SN1067,Compressor,VH001,03/02/2025
SN1068,Compressor,VH010,16/12/2022
SN1069,Wheel Assembly,VH006,18/12/2022
SN1070,Air Filter,VH009,16/09/2024
SN1071,Sensor,VH009,22/01/2023
SN1072,Brake Pad,VH001,02/05/2024
SN1073,Sensor,VH008,14/12/2023
SN1074,Sensor,VH009,20/11/2024
SN1075,Sensor,VH006,03/05/2025
SN1076,Air Filter,VH010,18/10/2023
SN1077,Sensor,VH008,09/12/2024
SN1078,Coupler,VH010,07/01/2023
SN1079,Wheel Assembly,VH009,22/07/2024
SN1080,,VH002,
SN1081,Air Filter,VH003,
SN1082,Sensor,VH005,
SN1083,Brake Pad,VH003,
SN1084,,VH005,
SN1085,,VH008,
SN1086,Brake Pad,VH009,
SN1087,,VH002,
SN1088,Wheel Assembly,VH006,
SN1089,,VH002,
SN1090,Compressor,VH006,
SN1091,Air Filter,VH003,
SN1092,,VH002,
SN1093,,VH001,
SN1094,,VH003,
SN1095,,VH004,
SN1096,,VH003,
SN1097,,VH001,
SN1098,Compressor,VH001,
SN1099,,VH008,
SN1010,Coupler,VH010,25/02/2025
SN1025,Brake Pad,VH002,10/08/2023
SN9999,Future Part,VH004,14/05/2026
